{
  "max_se_a_b": {
    "p2.5": 0.4700346383239027,
    "p97.5": 0.5285235892338278
  }
}